ts, Backlog in Bytes, Backlog in packets
1531189456.825518884,0,0
1531189456.930929484,0,0
1531189457.036093566,0,0
1531189457.141306584,0,0
1531189457.246417254,0,0
1531189457.351541986,0,0
1531189457.456684032,0,0
1531189457.561764810,0,0
1531189457.666852093,0,0
1531189457.771948122,0,0
1531189457.877075560,0,0
1531189457.982270979,0,0
1531189458.087370951,0,0
1531189458.192509208,0,0
1531189458.297581373,0,0
1531189458.402681357,0,0
1531189458.507797811,0,0
1531189458.612935240,0,0
1531189458.718009225,0,0
1531189458.823085382,0,0
1531189458.928182013,0,0
1531189459.033291449,74,1
1531189459.138377531,0,0
1531189459.243506302,576,8
1531189459.348697717,420,6
1531189459.453819087,4256,46
1531189459.558950839,720,10
1531189459.664130002,564,8
1531189459.769254473,662,9
1531189459.874363746,798,11
1531189459.979490051,696,10
1531189460.084686934,774,11
1531189460.189756920,654,9
1531189460.294877360,774,11
1531189460.399915295,780,10
1531189460.505015053,740,10
1531189460.610094999,654,9
1531189460.715059838,618,9
1531189460.820099690,642,9
1531189460.925251136,552,8
1531189461.030248930,662,9
1531189461.135238144,630,9
1531189461.240330397,630,9
1531189461.345366834,630,9
1531189461.450440533,864,12
1531189461.555523660,642,9
1531189461.660543431,642,9
1531189461.765633997,588,8
1531189461.870702060,564,8
1531189461.975818342,642,9
1531189462.080899397,684,10
1531189462.185981469,654,9
1531189462.291016647,684,10
1531189462.396123562,630,9
1531189462.501234763,642,9
1531189462.606313911,552,8
1531189462.711363393,708,10
1531189462.816468267,498,7
1531189462.921564255,618,9
1531189463.026658463,720,10
1531189463.131732465,708,10
1531189463.236841321,654,9
1531189463.341938967,794,11
1531189463.446998561,696,10
1531189463.552074230,684,10
1531189463.657185586,708,10
1531189463.762299898,642,9
1531189463.867433558,864,12
1531189463.972480731,654,9
1531189464.077538337,630,9
1531189464.182608466,576,8
1531189464.287689124,696,10
1531189464.392774728,630,9
1531189464.497826760,618,9
1531189464.602903602,642,9
1531189464.707981761,684,10
1531189464.813074130,588,8
1531189464.918135010,662,9
1531189465.023198491,588,8
1531189465.128307467,720,10
1531189465.233372694,552,8
1531189465.338480719,826,11
1531189465.443577546,630,9
1531189465.548710650,618,9
1531189465.653836093,720,10
1531189465.758915832,630,9
1531189465.864004917,708,10
1531189465.969097297,642,9
1531189466.074180836,594,9
1531189466.179253588,630,9
1531189466.284348167,576,8
1531189466.389413561,696,10
1531189466.494471437,630,9
1531189466.599587858,760,10
1531189466.704708656,626,9
1531189466.809771184,630,9
1531189466.914844528,672,10
1531189467.019912518,588,8
1531189467.125041353,654,9
1531189467.230067102,630,9
1531189467.335144970,708,10
1531189467.440279615,540,8
1531189467.545358950,630,9
1531189467.650443414,708,10
1531189467.755511598,686,9
1531189467.860626970,618,9
1531189467.965655129,642,9
1531189468.070756397,642,9
1531189468.175839584,654,9
1531189468.280950214,708,10
1531189468.386032312,696,10
1531189468.491126500,708,10
1531189468.596199653,654,9
1531189468.701302224,672,10
1531189468.806371181,642,9
1531189468.911460009,704,10
1531189469.016534158,510,7
1531189469.121609472,618,9
1531189469.226678652,630,9
1531189469.331781905,66,1
1531189469.436902273,132,2
1531189469.541990272,696,10
1531189469.647043273,684,10
1531189469.752114535,642,9
1531189469.857212512,654,9
1531189469.962297797,618,9
1531189470.067362330,618,9
1531189470.172449247,762,11
1531189470.277582535,708,10
1531189470.382673060,630,9
1531189470.487804304,630,9
1531189470.592966690,786,11
1531189470.698030203,654,9
1531189470.803134946,510,7
1531189470.908220867,806,11
1531189471.013358703,762,11
1531189471.118447030,762,11
1531189471.223548508,774,11
1531189471.328672230,474,7
1531189471.433736492,798,11
1531189471.538810765,576,8
1531189471.643898006,662,9
1531189471.749029737,810,11
1531189471.854091783,840,12
1531189471.959154598,786,11
1531189472.064277227,774,11
1531189472.169351718,708,10
1531189472.274436776,618,9
1531189472.379553702,750,11
1531189472.484699959,864,12
1531189472.589751928,1004,14
1531189472.694829275,798,11
1531189472.799936029,696,10
1531189472.905058611,740,10
1531189473.010092957,584,8
1531189473.115170074,642,9
1531189473.220257806,474,7
1531189473.325342547,662,9
1531189473.430415436,672,10
1531189473.535536332,852,12
1531189473.640684403,962,13
1531189473.745760099,732,10
1531189473.850814995,762,11
1531189473.955932358,786,12
1531189474.061020016,786,11
1531189474.166107267,674,9
1531189474.271194968,762,11
1531189474.376293597,720,10
1531189474.481372648,884,12
1531189474.586476809,708,10
1531189474.691593047,618,9
1531189474.796750707,696,10
1531189474.901779965,596,8
1531189475.006853425,552,8
1531189475.111952578,786,11
1531189475.217027706,716,10
1531189475.322075816,564,8
1531189475.427175884,770,11
1531189475.532234492,798,11
1531189475.637349259,564,8
1531189475.742418306,670,9
1531189475.847539118,594,9
1531189475.952671404,684,10
1531189476.057717515,930,13
1531189476.162784290,696,10
1531189476.267874387,852,12
1531189476.372995112,786,11
1531189476.478069939,630,9
1531189476.583160388,642,9
1531189476.688267289,696,10
1531189476.793352989,540,8
1531189476.898456306,596,8
1531189477.003535450,798,11
1531189477.108659266,852,12
1531189477.213673944,630,9
1531189477.318771767,540,8
1531189477.423853876,728,10
1531189477.528965716,654,9
1531189477.634014653,650,9
1531189477.739111748,786,11
1531189477.844191313,630,9
1531189477.949309990,642,9
1531189478.054370630,540,8
1531189478.159447204,576,8
1531189478.264545415,728,10
1531189478.369623554,642,9
1531189478.474725690,642,9
1531189478.579813847,642,9
1531189478.684933178,606,9
1531189478.789986824,588,8
1531189478.895080296,814,11
1531189479.000170431,720,10
1531189479.105269093,732,10
1531189479.210346834,654,9
1531189479.315376939,642,9
1531189479.420472780,708,10
1531189479.525558006,222,3
1531189479.630629573,66,1
1531189479.735724696,564,8
1531189479.840867688,662,9
1531189479.945927332,794,11
1531189480.050981272,666,9
1531189480.156060610,618,9
1531189480.261202062,696,10
1531189480.366262885,708,10
1531189480.471339561,630,9
1531189480.576433564,588,8
1531189480.681559020,750,11
1531189480.786610588,552,8
1531189480.891715628,720,10
1531189480.996833964,662,9
1531189481.101876373,618,9
1531189481.206939352,762,11
1531189481.312048833,630,9
1531189481.417158671,552,8
1531189481.522230572,606,9
1531189481.627297213,552,8
1531189481.732374586,674,9
1531189481.837434120,576,8
1531189481.942538057,540,8
1531189482.047606800,630,9
1531189482.152730021,540,8
1531189482.257773004,774,11
1531189482.362842509,630,9
1531189482.467993200,642,9
1531189482.573112902,618,9
1531189482.678142346,642,9
1531189482.783221919,642,9
1531189482.888281752,684,10
1531189482.993365512,740,10
1531189483.098410811,642,9
1531189483.203507361,720,10
1531189483.308609227,564,8
1531189483.413678902,818,11
1531189483.518774151,596,8
1531189483.623856538,618,9
1531189483.728985656,674,9
1531189483.834055495,576,8
1531189483.939114109,630,9
1531189484.044208958,798,11
1531189484.149319893,798,11
1531189484.254399432,942,13
1531189484.359519485,840,12
1531189484.464702922,736,10
1531189484.569738921,654,9
1531189484.674802238,654,9
1531189484.779879868,576,8
1531189484.885016789,774,11
1531189484.990086835,552,8
1531189485.095178429,662,9
1531189485.200260364,728,10
1531189485.305369404,876,12
1531189485.410460884,552,8
1531189485.515557154,420,6
1531189485.620712803,618,9
1531189485.725763211,752,10
1531189485.830805420,794,11
1531189485.935921112,696,10
1531189486.041005349,916,12
1531189486.146057195,684,10
1531189486.251156066,744,10
1531189486.356285239,786,11
1531189486.461409585,576,8
1531189486.566502967,872,12
1531189486.671619853,798,11
1531189486.776730257,708,10
1531189486.881821330,732,10
1531189486.986915862,756,10
1531189487.092009985,606,9
1531189487.197119200,852,12
1531189487.302184223,926,13
1531189487.407285942,564,8
1531189487.512379303,618,9
1531189487.617489517,904,12
1531189487.722642496,638,9
1531189487.827759819,708,10
1531189487.932888393,564,8
1531189488.038011995,810,11
1531189488.143076962,486,7
1531189488.248184712,552,8
1531189488.353288987,708,10
1531189488.458356574,540,8
1531189488.563467679,786,11
1531189488.668623876,618,9
1531189488.773666646,618,9
1531189488.878725612,630,9
1531189488.983809765,540,8
1531189489.088946970,642,9
1531189489.194043776,540,8
1531189489.299145265,654,9
1531189489.404262949,732,10
1531189489.509366746,606,9
1531189489.614450502,750,11
1531189489.719557474,630,9
1531189489.824673426,132,2
1531189489.929727921,0,0
1531189490.034808315,696,10
1531189490.139930915,642,9
1531189490.244968599,740,10
1531189490.349998447,662,9
1531189490.455104941,630,9
1531189490.560214302,762,11
1531189490.665292822,630,9
1531189490.770337927,630,9
1531189490.875374562,786,11
1531189490.980430520,720,10
1531189491.085433390,774,11
1531189491.190480992,682,9
1531189491.295571189,810,11
1531189491.400690996,576,8
1531189491.505735971,716,10
1531189491.610817501,720,10
1531189491.715982182,930,13
1531189491.821126902,564,8
1531189491.926183846,606,9
1531189492.031257534,642,9
1531189492.136344978,654,9
1531189492.241438748,864,12
1531189492.346257406,708,10
1531189492.451316753,674,9
1531189492.556433926,794,11
1531189492.661534047,696,10
1531189492.766601784,798,11
1531189492.871697746,672,10
1531189492.976801713,662,9
1531189493.081891911,662,9
1531189493.186956691,642,9
1531189493.292027529,736,10
1531189493.397110051,716,10
1531189493.502201833,696,10
1531189493.607286283,588,8
1531189493.712412181,760,10
1531189493.817497119,740,10
1531189493.922575782,774,11
1531189494.027670384,744,10
1531189494.132783274,618,9
1531189494.237824781,1K,14
1531189494.342897095,684,10
1531189494.448018993,642,9
1531189494.553151898,654,9
1531189494.658234115,650,9
1531189494.763315790,732,10
1531189494.868418654,474,7
1531189494.973496746,642,9
1531189495.078585932,810,11
1531189495.183694544,630,9
1531189495.288814755,768,10
1531189495.393848783,486,7
1531189495.498897608,720,10
1531189495.603992159,642,9
1531189495.709105306,672,10
1531189495.814193094,576,8
1531189495.919276386,782,11
1531189496.024372825,720,10
1531189496.129463992,840,12
1531189496.234579809,786,11
1531189496.339651969,694,9
1531189496.444761303,760,10
1531189496.549841045,660,10
1531189496.654917400,642,9
1531189496.760020562,810,11
1531189496.865156782,830,11
1531189496.970230293,708,10
1531189497.075327477,606,9
1531189497.180396835,810,11
1531189497.285490721,576,8
1531189497.390566160,740,10
1531189497.495665784,716,10
1531189497.600816882,606,9
1531189497.705866415,618,9
1531189497.810957882,774,11
1531189497.916064844,794,11
1531189498.021193756,762,11
1531189498.126272953,618,9
1531189498.231373366,596,8
1531189498.336484480,606,9
1531189498.441580630,672,10
1531189498.546666948,1020,14
1531189498.651806889,564,8
1531189498.756953323,618,9
1531189498.862044607,888,12
1531189498.967119561,630,9
1531189499.072231676,708,10
1531189499.177351792,588,8
1531189499.282435043,696,10
1531189499.387549165,732,10
1531189499.492654349,670,9
1531189499.597751678,662,9
1531189499.702848291,748,10
1531189499.807965694,752,10
1531189499.913104627,884,12
1531189500.018204444,66,1
1531189500.123237821,66,1
1531189500.228286526,588,8
1531189500.333345034,774,11
1531189500.438342945,708,10
1531189500.543395886,630,9
1531189500.648481650,630,9
1531189500.753508872,708,10
1531189500.858565028,618,9
1531189500.963631394,642,9
1531189501.068748046,642,9
1531189501.173826636,630,9
1531189501.278876689,708,10
1531189501.383918498,708,10
1531189501.488992593,720,10
1531189501.594055508,642,9
1531189501.699115617,540,8
1531189501.804165972,720,10
1531189501.909230180,708,10
1531189502.014299518,720,10
1531189502.119319204,618,9
1531189502.224383146,654,9
1531189502.329487030,720,10
1531189502.434506854,630,9
1531189502.539619439,716,10
1531189502.644728185,684,10
1531189502.749729642,618,9
1531189502.854738961,744,10
1531189502.959808425,864,12
1531189503.064885615,786,11
1531189503.169928327,684,10
1531189503.275045267,642,9
1531189503.380159610,762,11
1531189503.485293760,642,9
1531189503.590386715,708,10
1531189503.695503658,876,12
1531189503.800631846,564,8
1531189503.905690231,720,10
1531189504.010770735,774,11
1531189504.115873129,954,13
1531189504.221040561,708,10
1531189504.326108408,630,9
1531189504.431205355,654,9
1531189504.536321279,642,9
1531189504.641432727,720,10
1531189504.746504654,884,12
1531189504.851595514,642,9
1531189504.956731793,720,10
1531189505.061806978,588,8
1531189505.166866501,618,9
1531189505.271991877,666,9
1531189505.377153418,716,10
1531189505.482280575,696,10
1531189505.587382701,880,12
1531189505.692500656,708,10
1531189505.797549741,630,9
1531189505.902646031,708,10
1531189506.007746680,708,10
1531189506.112869518,782,11
1531189506.217977024,618,9
1531189506.323079150,630,9
1531189506.428185734,708,10
1531189506.533298583,774,11
1531189506.638397161,708,10
1531189506.743506235,798,11
1531189506.848622008,798,11
1531189506.953712944,840,12
1531189507.058793261,798,11
1531189507.163913505,762,11
1531189507.269034925,630,9
1531189507.374111971,728,10
1531189507.479183520,942,13
1531189507.584292413,606,9
1531189507.689411427,786,11
1531189507.794541913,732,10
1531189507.899630487,762,11
1531189508.004771103,642,9
1531189508.109834923,576,8
1531189508.215100077,720,10
1531189508.320180745,674,9
1531189508.425298523,618,9
1531189508.530399337,752,10
1531189508.635518124,942,13
1531189508.740649618,904,12
1531189508.845752780,654,9
1531189508.950837064,642,9
1531189509.055896641,750,11
1531189509.161016069,720,10
1531189509.266099738,654,9
1531189509.371188729,696,10
1531189509.476337068,740,10
1531189509.581415487,576,8
1531189509.686512812,486,7
1531189509.791615895,606,9
1531189509.896742734,642,9
1531189510.001895476,774,11
1531189510.107184959,904,12
1531189510.212272942,630,9
1531189510.317368640,66,1
1531189510.422431087,0,0
1531189510.527541534,696,10
1531189510.632688780,748,10
1531189510.737728042,552,8
1531189510.842816979,654,9
1531189510.947937708,584,8
1531189511.053089036,740,10
1531189511.158180618,774,11
1531189511.263288073,630,9
1531189511.368431708,642,9
1531189511.473557906,674,9
1531189511.578662194,696,10
1531189511.683789217,794,11
1531189511.788954159,786,11
1531189511.894056797,618,9
1531189511.999174468,764,10
1531189512.104239615,528,8
1531189512.209341879,924,12
1531189512.314434239,650,9
1531189512.419537111,630,9
1531189512.524654073,642,9
1531189512.629736409,618,9
1531189512.734839487,642,9
1531189512.839951601,962,13
1531189512.945096648,708,10
1531189513.050187648,720,10
1531189513.155270044,696,10
1531189513.260398982,814,11
1531189513.365512065,838,11
1531189513.470646303,606,9
1531189513.575765063,888,12
1531189513.680924598,630,10
1531189513.786012758,806,11
1531189513.891122707,774,11
1531189513.996239806,618,9
1531189514.101370197,786,12
1531189514.206480103,818,11
1531189514.311611276,880,12
1531189514.416768927,630,9
1531189514.521845826,708,10
1531189514.626948538,732,10
1531189514.732036744,630,9
1531189514.837161866,510,7
1531189514.942284847,840,11
1531189515.047390632,650,9
1531189515.152510278,630,9
1531189515.257612929,564,8
1531189515.362693818,642,9
1531189515.467794407,510,7
1531189515.572930867,666,9
1531189515.678001561,876,12
1531189515.783078977,826,11
1531189515.888162780,708,10
1531189515.993294164,618,9
1531189516.098393614,930,13
1531189516.203481453,708,10
1531189516.308599271,852,12
1531189516.413668796,510,7
1531189516.518753128,696,10
1531189516.623846311,720,10
1531189516.728962464,564,8
1531189516.834057297,798,11
1531189516.939161201,762,11
1531189517.044243229,650,9
1531189517.149353759,786,11
1531189517.254454924,606,9
1531189517.359542829,732,10
1531189517.464713759,696,10
1531189517.569768083,696,10
1531189517.674864677,618,9
1531189517.779997116,1060,14
1531189517.885100202,728,10
1531189517.990197009,654,9
1531189518.095322709,774,11
1531189518.200417571,798,11
1531189518.305497896,962,13
1531189518.410601720,864,12
1531189518.515707953,684,10
1531189518.620864458,840,12
1531189518.725954845,708,10
1531189518.831045247,596,8
1531189518.936120730,720,10
1531189519.041286093,950,13
1531189519.146354113,564,8
1531189519.251447536,732,10
1531189519.356549328,642,9
1531189519.461619431,708,10
1531189519.566741261,642,9
1531189519.671837491,798,11
1531189519.776988078,928,12
1531189519.882103794,654,9
1531189519.987209713,740,10
1531189520.092298895,782,11
1531189520.197395000,642,9
1531189520.302425080,708,10
1531189520.407514652,810,11
1531189520.512562163,0,0
1531189520.617604993,0,0
1531189520.722583207,642,9
1531189520.827633806,594,9
1531189520.932727459,618,9
1531189521.037800649,852,12
1531189521.142848323,564,8
1531189521.247992625,782,11
1531189521.353102618,810,11
1531189521.458119826,728,10
1531189521.563140636,728,10
1531189521.668255002,774,11
1531189521.773311365,606,9
1531189521.878359391,716,10
1531189521.983414491,606,9
1531189522.088520252,576,8
1531189522.193581894,626,9
1531189522.298617961,642,9
1531189522.403630829,642,9
1531189522.508733701,618,9
1531189522.613777603,774,11
1531189522.718772768,782,11
1531189522.823817894,720,10
1531189522.928900977,806,11
1531189523.033948135,684,10
1531189523.139024499,774,11
1531189523.244119876,786,11
1531189523.349274456,716,10
1531189523.454345805,740,10
1531189523.559453368,642,9
1531189523.664566365,564,8
1531189523.769675584,696,10
1531189523.874762044,708,10
1531189523.979859763,810,11
1531189524.085002798,684,10
1531189524.190075747,798,11
1531189524.295169424,872,12
1531189524.400284345,630,9
1531189524.505385179,642,9
1531189524.610485083,750,11
1531189524.715599720,720,10
1531189524.820754089,606,9
1531189524.925841574,774,11
1531189525.030948007,740,10
1531189525.136034650,510,7
1531189525.241187853,806,11
1531189525.346264449,642,9
1531189525.451376278,794,11
1531189525.556477724,662,9
1531189525.661588397,576,8
1531189525.766673102,720,10
1531189525.871771660,732,10
1531189525.976888526,818,11
1531189526.081976401,728,10
1531189526.187090644,774,11
1531189526.292188917,806,11
1531189526.397280850,708,10
1531189526.502376293,618,9
1531189526.607488768,684,10
1531189526.712619637,708,10
1531189526.817646870,798,11
1531189526.922743065,840,12
1531189527.027859457,798,11
1531189527.133017565,708,10
1531189527.238069558,728,10
1531189527.343183623,728,10
1531189527.448322124,672,10
1531189527.553440697,720,10
1531189527.658505096,806,11
1531189527.763616926,774,11
1531189527.868749195,720,10
1531189527.973846861,708,10
1531189528.078938864,630,9
1531189528.184047075,654,9
1531189528.289163744,810,11
1531189528.394282570,818,11
1531189528.499360549,564,8
1531189528.604497058,762,11
1531189528.709580940,642,9
1531189528.814718326,798,11
1531189528.919831572,852,12
1531189529.024956752,720,10
1531189529.130026988,576,8
1531189529.235116972,786,11
1531189529.340216850,716,10
1531189529.445356316,684,10
1531189529.550458854,708,10
1531189529.655586132,860,12
1531189529.760725244,852,12
1531189529.865779913,806,11
1531189529.970881699,486,7
1531189530.076002988,708,10
1531189530.181048491,872,12
1531189530.286114788,774,11
1531189530.391152372,918,13
1531189530.496245513,786,11
1531189530.601292904,604,8
1531189530.706367131,576,8
1531189530.811392531,588,8
1531189530.916490889,564,8
1531189531.021539663,642,9
1531189531.126637219,918,13
1531189531.231750072,672,10
1531189531.336899957,642,9
1531189531.441980210,708,10
1531189531.547083005,144,2
1531189531.652205999,132,2
1531189531.757328180,618,9
1531189531.862403476,852,12
1531189531.967518614,606,9
1531189532.072645106,708,10
1531189532.177731491,732,10
1531189532.282839425,740,10
1531189532.387952458,498,7
1531189532.493082966,774,11
1531189532.598201376,774,11
1531189532.703293586,642,9
1531189532.808408928,786,11
1531189532.913513517,728,10
1531189533.018624698,576,8
1531189533.123698363,494,7
1531189533.228887620,696,10
1531189533.333970797,720,10
1531189533.439115036,552,8
1531189533.544201265,774,11
1531189533.649352289,642,9
1531189533.754436961,552,8
1531189533.859559510,774,11
1531189533.964713879,864,12
1531189534.069781944,728,10
1531189534.174870116,642,9
1531189534.279997130,552,8
1531189534.385145134,684,10
1531189534.490255975,794,11
1531189534.595339350,720,10
1531189534.700473531,720,10
1531189534.805586196,642,9
1531189534.910682341,728,10
1531189535.015771660,774,11
1531189535.120945744,576,8
1531189535.226012101,708,10
1531189535.331115768,762,11
1531189535.436241395,630,9
1531189535.541367122,642,9
1531189535.646438217,774,11
1531189535.751552289,618,9
1531189535.856683192,684,10
1531189535.961767716,588,8
1531189536.066825342,564,8
1531189536.171910277,818,11
1531189536.277055848,696,10
1531189536.382170873,786,11
1531189536.487436852,642,9
1531189536.592716164,666,9
1531189536.697883160,528,8
1531189536.803025962,762,11
1531189536.908208590,770,11
1531189537.013393654,642,9
1531189537.118592033,786,11
1531189537.223780813,708,10
1531189537.328985073,732,10
1531189537.434172786,666,9
1531189537.539352941,814,11
1531189537.644554586,642,9
1531189537.749704912,838,11
1531189537.854842360,798,11
1531189537.960025967,842,11
1531189538.065239128,630,9
1531189538.170416484,486,7
1531189538.275592272,774,11
1531189538.380825612,510,7
1531189538.486003418,708,10
1531189538.591162666,708,10
1531189538.696344509,666,9
1531189538.801484745,618,9
1531189538.906674296,774,11
1531189539.011827990,552,8
1531189539.117029681,696,10
1531189539.222215055,740,10
1531189539.327414250,740,10
1531189539.432649960,618,9
1531189539.537802692,564,8
1531189539.642926551,684,10
1531189539.748130962,852,12
1531189539.853320429,744,10
1531189539.958490647,818,11
1531189540.063676920,830,11
1531189540.168897142,762,11
1531189540.274040769,872,12
1531189540.379183167,798,11
1531189540.484396142,696,10
1531189540.589574031,564,8
1531189540.694748299,728,10
1531189540.799971557,704,10
1531189540.905175039,708,10
1531189541.010354687,732,10
1531189541.115575200,596,8
1531189541.220802783,732,10
1531189541.325962235,572,8
1531189541.431149979,774,11
1531189541.536317126,608,8
1531189541.641475140,642,9
1531189541.746653982,708,10
1531189541.851841542,786,11
1531189541.957063238,66,1
1531189542.062264505,66,1
1531189542.167445950,930,13
1531189542.272693361,618,9
1531189542.377861013,576,8
1531189542.483012963,762,11
1531189542.588216241,552,8
1531189542.693404766,630,9
1531189542.798609978,576,8
1531189542.903788781,708,10
1531189543.009011205,708,10
1531189543.114194451,684,10
1531189543.219392570,654,9
1531189543.324661105,708,10
1531189543.429836692,618,9
1531189543.534999121,708,10
1531189543.640181669,654,9
1531189543.745366224,864,12
1531189543.850558780,642,9
1531189543.955750964,720,10
1531189544.060979981,654,9
1531189544.166162947,840,12
1531189544.271361329,732,10
1531189544.376560865,630,9
1531189544.481787168,864,12
1531189544.586946299,904,12
1531189544.692146486,540,8
1531189544.797348634,876,12
1531189544.902506265,798,11
1531189545.007687386,798,11
1531189545.112925528,606,9
1531189545.218090573,826,11
1531189545.323267260,684,10
1531189545.428466207,654,9
1531189545.533670905,880,12
1531189545.638827564,708,10
1531189545.744032786,618,9
1531189545.849252440,642,9
1531189545.954431055,572,8
1531189546.059617128,876,12
1531189546.164850799,798,11
1531189546.270000380,708,10
1531189546.375130324,564,8
1531189546.480321149,528,8
1531189546.585470189,654,9
1531189546.690619336,684,10
1531189546.795819931,576,8
1531189546.901057140,760,10
1531189547.006234321,564,8
1531189547.111401135,686,9
1531189547.216553596,704,10
1531189547.321775652,720,10
1531189547.426898820,880,12
1531189547.532077184,518,7
1531189547.637287188,618,9
1531189547.742447823,732,10
1531189547.847613507,740,10
1531189547.952827166,630,9
1531189548.057963315,564,8
1531189548.163086349,618,9
1531189548.268268643,786,11
1531189548.373415447,798,11
1531189548.478568410,630,9
1531189548.583729269,596,8
1531189548.688939600,938,13
1531189548.794072397,732,10
1531189548.899244182,782,11
1531189549.004443464,786,11
1531189549.109596931,966,13
1531189549.214770965,618,9
1531189549.319941627,774,11
1531189549.425173702,540,8
1531189549.530321465,774,11
1531189549.635485504,564,8
1531189549.740686373,564,8
1531189549.845830745,682,9
1531189549.950951242,564,8
1531189550.056126409,892,12
1531189550.161327833,876,12
1531189550.266543604,720,10
1531189550.371745101,642,9
1531189550.476952268,618,9
1531189550.582105758,708,10
1531189550.687291818,654,9
1531189550.792453011,798,11
1531189550.897609375,666,9
1531189551.002808112,666,9
1531189551.107993443,708,10
1531189551.213181551,696,10
1531189551.318367954,798,11
1531189551.423540017,630,9
1531189551.528771757,696,10
1531189551.633920062,916,12
1531189551.739041642,810,11
1531189551.844223928,732,10
1531189551.949395791,654,9
1531189552.054600228,802,11
1531189552.159786391,78,1
1531189552.265004317,66,1
1531189552.370197584,552,8
1531189552.475391746,852,12
1531189552.580564514,762,11
1531189552.685769783,576,8
1531189552.790930301,618,9
1531189552.896087230,864,12
1531189553.001315528,650,9
1531189553.106495751,540,8
1531189553.211682615,708,10
1531189553.316918896,774,11
1531189553.422057601,872,12
1531189553.527222519,540,8
1531189553.632446504,510,7
1531189553.737615208,630,9
1531189553.842784062,708,10
1531189553.947983444,630,9
1531189554.053206082,720,10
1531189554.158384620,654,9
1531189554.263585636,716,10
1531189554.368809019,552,8
1531189554.473982632,794,11
1531189554.579135648,696,10
1531189554.684340482,642,9
1531189554.789500716,696,10
1531189554.894686020,552,8
1531189554.999871953,638,9
1531189555.105099165,576,8
1531189555.210263910,630,9
1531189555.315440581,650,9
1531189555.420653866,728,10
1531189555.525822596,642,9
1531189555.630934153,576,8
1531189555.736147221,684,10
1531189555.841343138,806,11
1531189555.946528084,552,8
1531189556.051710187,696,10
1531189556.156895846,708,10
1531189556.262077558,686,9
1531189556.367236485,978,13
1531189556.472417343,830,11
1531189556.577587146,774,11
1531189556.682758864,744,10
1531189556.787963041,750,11
1531189556.893173052,720,10
1531189556.998366883,642,9
1531189557.103542253,696,10
1531189557.208748575,630,9
1531189557.313917777,630,9
1531189557.419059683,564,8
1531189557.524251841,786,11
1531189557.629411507,872,12
1531189557.734575540,748,10
1531189557.839735663,728,10
1531189557.944953733,840,12
1531189558.050092448,732,10
1531189558.155269202,662,9
1531189558.260440453,924,12
1531189558.365602959,708,10
1531189558.470747150,860,12
1531189558.575916696,708,10
1531189558.681128909,732,10
1531189558.786275881,786,11
1531189558.891470531,696,10
1531189558.996702849,630,9
1531189559.101861686,696,10
1531189559.207002369,774,11
1531189559.312198436,826,11
1531189559.417384542,860,12
1531189559.522532897,630,9
1531189559.627714613,708,10
1531189559.732917218,798,11
1531189559.838040527,872,12
1531189559.943230466,786,11
1531189560.048419532,794,11
1531189560.153561960,576,8
1531189560.258732151,638,9
1531189560.363932478,904,12
1531189560.469138647,684,10
1531189560.574313673,630,9
1531189560.679500390,552,8
1531189560.784720197,720,10
1531189560.889881274,762,11
1531189560.995025742,576,8
1531189561.100178876,642,9
1531189561.205372160,738,11
1531189561.310552318,654,9
1531189561.415742314,740,10
1531189561.520931585,732,10
1531189561.626083214,552,8
1531189561.731280784,732,10
1531189561.836471268,708,10
1531189561.941597563,716,10
1531189562.046781547,774,11
1531189562.151972963,802,11
1531189562.257183322,696,10
1531189562.362353814,0,0
1531189562.467561342,0,0
1531189562.572813034,66,1
1531189562.677999630,696,10
1531189562.783124078,564,8
1531189562.888317525,810,11
1531189562.993489127,732,10
1531189563.098672202,618,9
1531189563.203861168,708,10
1531189563.309072091,708,10
1531189563.414227557,720,10
1531189563.519433348,962,13
1531189563.624654211,540,8
1531189563.729803472,798,11
1531189563.834915195,852,12
1531189563.940083819,786,11
1531189564.045283872,564,8
1531189564.150456587,654,9
1531189564.255630302,708,10
1531189564.360850271,606,9
1531189564.465998318,654,9
1531189564.571160681,708,10
1531189564.676339566,672,10
1531189564.781515805,606,9
1531189564.886668674,848,12
1531189564.991854834,474,7
1531189565.097079183,786,11
1531189565.202250433,798,11
1531189565.307429182,696,10
1531189565.412688762,572,8
1531189565.517838039,786,11
1531189565.623000031,708,10
1531189565.728211565,674,9
1531189565.833394811,786,11
1531189565.938566536,686,9
1531189566.043745575,748,10
1531189566.148940573,798,11
1531189566.254091852,708,10
1531189566.359247982,786,11
1531189566.464463182,696,10
1531189566.569635094,762,11
1531189566.674789066,696,10
1531189566.779997272,642,9
1531189566.885187693,774,11
1531189566.990363236,642,9
1531189567.095540127,716,10
1531189567.200760199,702,9
1531189567.305944575,774,11
1531189567.411096698,830,11
1531189567.516305961,786,11
1531189567.621450483,618,9
1531189567.726655625,540,8
1531189567.831837411,798,11
1531189567.937068884,774,11
1531189568.042211705,654,9
1531189568.147396876,798,11
1531189568.252604651,762,11
1531189568.357732547,708,10
1531189568.462886883,762,11
1531189568.568089529,642,9
1531189568.673297575,864,12
1531189568.778482609,786,11
1531189568.883678545,752,10
1531189568.988903639,630,9
1531189569.094063342,884,12
1531189569.199235936,642,9
1531189569.304383860,564,8
1531189569.409581738,774,11
1531189569.514761993,986,13
1531189569.619949172,654,9
1531189569.725128729,552,8
1531189569.830306979,618,9
1531189569.935474915,662,9
1531189570.040658750,774,11
1531189570.145832103,630,9
1531189570.250945086,588,8
1531189570.356165381,576,8
1531189570.461318054,822,11
1531189570.566707689,774,11
1531189570.671916709,806,11
1531189570.777097398,630,9
1531189570.882264792,728,10
1531189570.987447205,474,7
1531189571.092667755,618,9
1531189571.197834413,708,10
1531189571.302948012,762,11
1531189571.408144434,762,11
1531189571.513340959,798,11
1531189571.618517090,864,12
1531189571.723736123,716,10
1531189571.828944047,744,10
1531189571.934096277,654,9
1531189572.039257271,744,10
1531189572.144464123,752,10
1531189572.249634713,720,10
1531189572.354809771,576,8
1531189572.459986937,732,10
1531189572.565211419,684,10
1531189572.670383628,132,2
1531189572.775602407,66,1
1531189572.880820387,618,9
1531189572.985976777,618,9
1531189573.091105917,740,10
1531189573.196277575,786,11
1531189573.301446617,576,8
1531189573.406616368,744,10
1531189573.511825115,596,8
1531189573.617058503,818,11
1531189573.722224701,666,9
1531189573.827402694,696,10
1531189573.932613163,774,11
1531189574.037748556,684,10
1531189574.142872169,840,12
1531189574.248075343,708,10
1531189574.353267754,774,11
1531189574.458454292,654,9
1531189574.563629919,774,11
1531189574.668857596,588,8
1531189574.774023186,786,11
1531189574.879194193,708,10
1531189574.984360438,774,11
1531189575.089498855,618,9
1531189575.194669240,696,10
1531189575.299866189,930,13
1531189575.405046812,650,9
1531189575.510243063,630,9
1531189575.615401476,760,10
1531189575.720607005,576,8
1531189575.825720854,666,9
1531189575.930867388,962,13
1531189576.036025269,774,11
1531189576.141223274,498,7
1531189576.246371221,762,11
1531189576.351554715,684,10
1531189576.456769036,786,11
1531189576.561951527,696,10
1531189576.667066321,696,10
1531189576.772260804,762,11
1531189576.877403499,1008,14
1531189576.982598593,872,12
1531189577.087807732,886,11
1531189577.193009162,708,10
1531189577.298161489,642,9
1531189577.403340770,762,11
1531189577.508526642,584,8
1531189577.613713370,606,9
1531189577.718849609,950,13
1531189577.824042915,828,12
1531189577.929220103,682,9
1531189578.034425396,596,8
1531189578.139615753,1044,14
1531189578.244841294,588,8
1531189578.349992814,838,11
1531189578.455212197,810,11
1531189578.560390143,630,9
1531189578.665575251,774,11
1531189578.770763943,762,11
1531189578.875978241,716,10
1531189578.981193010,810,11
1531189579.086372991,840,12
1531189579.191565750,720,10
1531189579.296764424,708,10
1531189579.401939888,732,10
1531189579.507066540,540,8
1531189579.612255861,486,7
1531189579.717438162,408,6
1531189579.822598352,958,13
1531189579.927806167,708,10
1531189580.033012008,708,10
1531189580.138191475,588,8
1531189580.243375422,786,11
1531189580.348597034,684,10
1531189580.453733998,852,12
1531189580.558892167,642,9
1531189580.664076379,732,10
1531189580.769275199,764,10
1531189580.874471416,852,12
1531189580.979679386,596,8
1531189581.084898374,684,10
1531189581.190081394,822,11
1531189581.295267477,798,11
1531189581.400459768,672,10
1531189581.505630781,790,11
1531189581.610823346,720,10
1531189581.716001890,696,10
1531189581.821224636,848,12
1531189581.926402759,770,11
1531189582.031616382,762,11
1531189582.136852686,684,10
1531189582.242032621,884,12
1531189582.347243975,552,8
1531189582.452448546,654,9
1531189582.557615359,682,9
1531189582.662783231,696,10
1531189582.767977837,594,9
1531189582.873226638,144,2
1531189582.978429449,144,2
1531189583.083639867,750,11
1531189583.188865652,662,9
1531189583.294051875,708,10
1531189583.399247498,852,12
1531189583.504435469,642,9
1531189583.609609830,720,10
1531189583.714798937,864,12
1531189583.820002405,654,9
1531189583.925216198,650,9
1531189584.030415801,806,11
1531189584.135639227,642,9
1531189584.240871274,872,12
1531189584.346037987,954,13
1531189584.451265530,762,11
1531189584.556470215,720,10
1531189584.661614406,720,10
1531189584.766781654,686,9
1531189584.871996974,732,10
1531189584.977230508,756,10
1531189585.082389222,750,11
1531189585.187619534,696,10
1531189585.292842550,942,13
1531189585.398014839,840,12
1531189585.503142635,630,9
1531189585.608305154,618,9
1531189585.713486666,552,8
1531189585.818667155,708,10
1531189585.923839201,552,8
1531189586.029072882,552,8
1531189586.134248971,762,11
1531189586.239447801,786,11
1531189586.344686277,786,11
1531189586.449871632,630,9
1531189586.555048523,606,9
1531189586.660249896,716,10
1531189586.765407934,1048,14
1531189586.870600272,814,11
1531189586.975794141,696,10
1531189587.080987879,642,9
1531189587.186159126,798,11
1531189587.291360281,762,11
1531189587.396556091,762,11
1531189587.501742558,708,10
1531189587.606867654,552,8
1531189587.712048317,654,9
1531189587.817227019,618,9
1531189587.922395078,794,11
1531189588.027611551,708,10
1531189588.132843077,654,9
1531189588.238005713,696,10
1531189588.343151696,564,8
1531189588.448345698,720,10
1531189588.553517557,750,11
1531189588.658689125,904,12
1531189588.763882766,942,13
1531189588.869081495,744,10
1531189588.974262750,696,10
1531189589.079452612,864,12
1531189589.184691258,642,9
1531189589.289850373,564,8
1531189589.394964268,798,11
1531189589.500153284,818,11
1531189589.605347330,908,12
1531189589.710521461,642,9
1531189589.815734859,696,10
1531189589.920958447,728,10
1531189590.026097005,876,12
1531189590.131277273,810,11
1531189590.236463800,884,12
1531189590.341655300,720,10
1531189590.446818361,896,12
1531189590.551993447,908,12
1531189590.657209529,650,9
1531189590.762372179,684,10
1531189590.867560640,732,10
1531189590.972747926,852,12
1531189591.077876610,642,9
1531189591.182979338,794,11
1531189591.288162113,696,10
1531189591.393342693,774,11
1531189591.498540494,762,11
1531189591.603728017,762,11
1531189591.708934282,696,10
1531189591.814087853,806,11
1531189591.919266337,996,14
1531189592.024443161,740,10
1531189592.129618168,630,9
1531189592.234767979,708,10
1531189592.339973145,642,9
1531189592.445204895,896,12
1531189592.550397614,696,10
1531189592.655595325,618,9
1531189592.760829595,564,8
1531189592.865994165,672,10
1531189592.971136305,654,9
1531189593.076342824,0,0
1531189593.181511555,66,1
1531189593.286698806,0,0
1531189593.391888348,642,9
1531189593.497084161,588,8
1531189593.602244840,720,10
1531189593.707452077,872,12
1531189593.812762641,630,9
1531189593.917947460,618,9
1531189594.023099227,954,13
1531189594.128290392,1K,14
1531189594.233475743,462,7
1531189594.338653810,606,9
1531189594.443850846,732,10
1531189594.549131939,642,9
1531189594.654327585,950,13
1531189594.759546844,642,9
1531189594.864760193,786,11
1531189594.969966224,642,9
1531189595.075124476,642,9
1531189595.180296713,888,12
1531189595.285460404,642,9
1531189595.390644359,708,10
1531189595.495824604,732,10
1531189595.601050457,814,11
1531189595.706268591,720,10
1531189595.811447366,822,11
1531189595.916699642,642,9
1531189596.021864700,654,9
1531189596.127014064,900,12
1531189596.232240314,762,11
1531189596.337418565,708,10
1531189596.442587022,654,9
1531189596.547759602,670,9
1531189596.653002506,630,9
1531189596.758200879,740,10
1531189596.863389007,958,13
1531189596.968620088,852,12
1531189597.073810555,720,10
1531189597.178987599,762,11
1531189597.284174758,642,9
1531189597.389387993,826,11
1531189597.494571229,540,8
1531189597.599765007,708,10
1531189597.704984434,630,9
1531189597.810146639,696,10
1531189597.915368589,552,8
1531189598.020550485,660,10
1531189598.125700000,654,9
1531189598.230856882,884,12
1531189598.336037354,728,10
1531189598.441242704,762,11
1531189598.546433746,842,11
1531189598.651641033,708,10
1531189598.756855384,684,10
1531189598.862017709,774,11
1531189598.967189358,732,10
1531189599.072355499,608,8
1531189599.177490879,786,11
1531189599.282694217,906,13
1531189599.387890151,864,12
1531189599.493089145,716,10
1531189599.598248383,810,11
1531189599.703458610,774,11
1531189599.808657518,630,9
1531189599.913790144,774,11
1531189600.018921916,696,10
1531189600.124123974,660,10
1531189600.229289080,786,11
1531189600.334440509,810,11
1531189600.439683048,708,10
1531189600.544936454,654,9
1531189600.650079369,774,11
1531189600.755259634,830,11
1531189600.860453380,618,9
1531189600.965631165,684,10
1531189601.070814228,720,10
1531189601.175999833,888,12
1531189601.281186280,840,12
1531189601.386364821,1K,14
1531189601.491534568,708,10
1531189601.596779680,708,10
1531189601.701975369,786,11
1531189601.807111682,732,10
1531189601.912304194,892,12
1531189602.017483203,564,8
1531189602.122662386,732,10
1531189602.227830609,708,10
1531189602.333039243,720,10
1531189602.438209862,748,10
1531189602.543388319,708,10
1531189602.648627478,872,12
1531189602.753744627,810,11
1531189602.858863985,794,11
1531189602.964028459,564,8
1531189603.069231790,750,11
1531189603.174391319,666,9
1531189603.279576403,486,7
1531189603.384764404,132,2
1531189603.489944197,66,1
1531189603.595101451,798,11
1531189603.700321674,696,10
1531189603.805481607,884,12
1531189603.910677440,474,7
1531189604.015845877,638,9
1531189604.120975854,872,12
1531189604.226142286,774,11
1531189604.331331650,720,10
1531189604.436545741,774,11
1531189604.541712818,880,12
1531189604.646870017,860,12
1531189604.752080005,864,12
1531189604.857307424,596,8
1531189604.962486624,552,8
1531189605.067677966,642,9
1531189605.172938870,564,8
1531189605.278114932,740,10
1531189605.383290870,642,9
1531189605.488507096,618,9
1531189605.593668211,642,9
1531189605.698805691,540,8
1531189605.803995536,774,11
1531189605.909189006,630,9
1531189606.014380432,564,8
1531189606.119554536,606,9
1531189606.224774444,728,10
1531189606.329923755,774,11
1531189606.435081920,806,11
1531189606.540263559,696,10
1531189606.645405900,798,11
1531189606.750573885,732,10
1531189606.855781844,744,10
1531189606.960992166,720,10
1531189607.066136398,684,10
1531189607.171318390,786,11
1531189607.276517161,552,8
1531189607.381678454,576,8
1531189607.486823885,564,8
1531189607.592031189,606,9
1531189607.697248969,666,9
1531189607.802428472,876,12
1531189607.907641631,600,8
1531189608.012850087,810,11
1531189608.118028980,840,12
1531189608.223187055,786,11
1531189608.328387108,618,9
1531189608.433565422,642,9
1531189608.538738681,798,11
1531189608.643953480,762,11
1531189608.749197874,802,11
1531189608.854389523,552,8
1531189608.959598068,818,11
1531189609.064815736,708,10
1531189609.169984821,684,10
1531189609.275149713,750,11
1531189609.380332766,826,11
1531189609.485477114,720,10
1531189609.590683045,852,12
1531189609.695878550,552,8
1531189609.801104810,540,8
1531189609.906270929,540,8
1531189610.011454666,708,10
1531189610.116697231,618,9
1531189610.221891220,540,8
1531189610.327025681,732,10
1531189610.432235612,864,12
1531189610.537429343,670,9
1531189610.642605476,576,8
1531189610.747789554,696,10
1531189610.853037960,654,9
1531189610.958244784,618,9
1531189611.063448646,518,7
1531189611.168688532,732,10
1531189611.273848973,606,9
1531189611.379004175,630,9
1531189611.484210908,654,9
1531189611.589385647,752,10
1531189611.694573825,696,10
1531189611.799791334,774,11
1531189611.905042827,642,9
1531189612.010210690,642,9
1531189612.115419825,708,10
1531189612.220644250,806,11
1531189612.325815023,876,12
1531189612.430942996,750,11
1531189612.536140890,630,9
1531189612.641331284,786,11
1531189612.746526960,662,9
1531189612.851722402,860,12
1531189612.956980963,720,10
1531189613.062173475,716,10
1531189613.167387625,630,9
1531189613.272636577,630,9
1531189613.377838622,782,11
1531189613.482972906,888,12
1531189613.588155564,66,1
1531189613.693360893,132,2
1531189613.798544967,642,9
1531189613.903729023,596,8
1531189614.008979140,630,9
1531189614.114143485,564,8
1531189614.219337734,720,10
1531189614.324536702,642,9
1531189614.429782585,618,9
1531189614.534902398,774,11
1531189614.640093498,618,9
1531189614.745309821,708,10
1531189614.850505340,654,9
1531189614.955698183,724,10
1531189615.060952155,720,10
1531189615.166084766,606,9
1531189615.271245434,684,10
1531189615.376426375,650,9
1531189615.481600770,848,12
1531189615.586763519,654,9
1531189615.691934974,904,12
1531189615.797154430,662,9
1531189615.902358904,720,10
1531189616.007588034,942,13
1531189616.112793424,744,10
1531189616.217962773,638,9
1531189616.323101833,750,11
1531189616.428308090,720,10
1531189616.533491323,708,10
1531189616.638684634,618,9
1531189616.743878118,852,12
1531189616.849109737,810,11
1531189616.954286892,630,9
1531189617.059490056,762,11
1531189617.164721412,630,9
1531189617.269887620,638,9
1531189617.375019860,630,9
1531189617.480181186,794,11
1531189617.585395006,630,9
1531189617.690553913,762,11
1531189617.795773373,852,12
1531189617.901004698,654,9
1531189618.006200518,696,10
1531189618.111419638,708,10
1531189618.216670691,762,11
1531189618.321858344,588,8
1531189618.427011107,630,9
1531189618.532211614,786,11
1531189618.637390908,830,11
1531189618.742549207,716,10
1531189618.847759214,662,9
1531189618.952971834,764,10
1531189619.058146487,798,11
1531189619.163354505,630,9
1531189619.268631348,774,11
1531189619.373820458,588,8
1531189619.478944257,498,7
1531189619.584133588,798,11
1531189619.689336134,630,9
1531189619.794514541,650,9
1531189619.899714782,708,10
1531189620.004927312,642,9
1531189620.110114775,804,12
1531189620.215309198,872,12
1531189620.320512906,798,11
1531189620.426014409,772,10
1531189620.531242339,618,9
1531189620.636530673,618,9
1531189620.741922599,552,8
1531189620.847169840,774,11
1531189620.952448276,672,10
1531189621.057652877,618,9
1531189621.162857702,642,9
1531189621.268059109,696,10
1531189621.373303044,696,10
1531189621.478538296,774,11
1531189621.583772790,716,10
1531189621.689009445,576,8
1531189621.794253521,728,10
1531189621.899444559,752,10
1531189622.004698787,552,8
1531189622.109885254,740,10
1531189622.215052134,576,8
1531189622.320313556,822,11
1531189622.425505750,1K,14
1531189622.530728816,642,9
1531189622.635959072,708,10
1531189622.741185125,970,13
1531189622.846383744,798,11
1531189622.951632596,642,9
1531189623.056903874,814,11
1531189623.162107824,728,10
1531189623.267348592,774,11
1531189623.372604741,798,11
1531189623.477859881,630,9
1531189623.583011377,852,12
1531189623.688257558,540,8
1531189623.793473764,0,0
1531189623.898708333,0,0
1531189624.003934951,840,12
1531189624.109193595,774,11
1531189624.214413372,762,11
1531189624.319675933,806,11
1531189624.424951983,732,10
1531189624.530150272,654,9
1531189624.635404824,642,9
1531189624.740692961,740,10
1531189624.845941026,588,8
1531189624.951140486,786,11
1531189625.056371862,642,9
1531189625.161584211,630,9
1531189625.266802693,732,10
1531189625.372026136,762,11
1531189625.477288975,654,9
1531189625.582505996,630,9
1531189625.687735107,740,10
1531189625.793018057,654,9
1531189625.898274901,654,9
1531189626.003532626,720,10
1531189626.108803705,750,11
1531189626.214011724,606,9
1531189626.319191054,564,8
1531189626.424428190,654,9
1531189626.529677859,744,10
1531189626.634857196,696,10
1531189626.740125357,564,8
1531189626.845362925,872,12
1531189626.950592066,552,8
1531189627.055854950,752,10
1531189627.161072684,740,10
1531189627.266244358,798,11
1531189627.371500510,748,10
1531189627.476761240,684,10
1531189627.581958610,782,11
1531189627.687129038,696,10
1531189627.792341228,630,9
1531189627.897533586,786,11
1531189628.002753685,684,10
1531189628.107972757,720,10
1531189628.213223613,638,9
1531189628.318435772,708,10
1531189628.423666593,642,9
1531189628.528956266,810,11
1531189628.634269931,618,9
1531189628.739538798,744,10
1531189628.844781794,720,10
1531189628.950051644,720,10
1531189629.055219789,774,11
1531189629.160412034,654,9
1531189629.265552750,852,12
1531189629.370723306,708,10
1531189629.475881417,864,12
1531189629.581089551,708,10
1531189629.686219401,728,10
1531189629.791386708,794,11
1531189629.896551172,588,8
1531189630.001671814,606,9
1531189630.106804150,738,11
1531189630.211943146,864,12
1531189630.317099587,872,12
1531189630.422244523,732,10
1531189630.527383406,696,10
1531189630.632533542,606,9
1531189630.737662660,794,11
1531189630.842783372,642,9
1531189630.947916593,786,11
1531189631.053084763,728,10
1531189631.158212144,782,11
1531189631.263339672,806,11
1531189631.368508410,852,12
1531189631.473659198,840,12
1531189631.578787644,642,9
1531189631.683940607,630,9
1531189631.789156896,576,8
1531189631.894329002,498,7
1531189631.999502715,786,11
1531189632.104718684,498,7
1531189632.209798840,666,9
1531189632.314912588,672,10
1531189632.420052516,830,11
1531189632.525234813,684,10
1531189632.630397446,798,11
1531189632.735597055,880,12
1531189632.840791057,880,12
1531189632.945940175,732,10
1531189633.051046120,888,12
1531189633.156206658,744,10
1531189633.261345316,720,10
1531189633.366513278,630,9
1531189633.471662632,618,9
1531189633.576848936,650,9
1531189633.681947962,642,9
1531189633.787059668,696,10
1531189633.892220203,798,11
1531189633.997349094,720,10
1531189634.102508433,66,1
1531189634.207651465,0,0
1531189634.312834444,704,10
1531189634.417995099,798,11
1531189634.523131472,732,10
1531189634.628281117,904,12
1531189634.733386828,572,8
1531189634.838557488,630,9
1531189634.943697536,720,10
1531189635.048887097,696,10
1531189635.154018341,760,10
1531189635.259104505,750,11
1531189635.364255597,864,12
1531189635.469396831,708,10
1531189635.574542086,864,12
1531189635.679699065,630,9
1531189635.784844911,510,7
1531189635.889997800,774,11
1531189635.995110642,810,11
